# MIT Registrar classroom inventory, retrieved 2026-09-18 from classrooms.mit.edu
# Lines beginning with # are comments. Columns are tab-separated; features are comma-separated.
room	capacity	features
1-132	24	Blu-Ray DVD player, HDMI and VGA - input connections for laptops, One Projector - video with sound system, Chalkboard - sliding, Tables and chairs - loose, Flat classroom, Small classroom (Cap < 25)
1-134	24	Blu-Ray DVD player, HDMI and VGA - input connections for laptops, One Projector - video with sound system, Chalkboard - sliding, Tables and chairs - loose, Flat classroom, Small classroom (Cap < 25)
1-135	35	Blu-Ray DVD player, HDMI and VGA - input connections for laptops, Lecture Capture - Lightweight - IS&T, One Projector - video with sound system, Chalkboard - sliding, Tablet armchairs - loose, Flat classroom, Medium classroom (Cap 25-59)
1-136	16	HDMI and VGA - input connections for laptops, One Projector - video with sound system, Chalkboard - sliding, Seminar table seats 14, Flat classroom, Seminar Classroom, Seminar classroom with table (Cap <25), Small classroom (Cap < 25)
1-150	36	Athena workstation, Blu-Ray DVD player, HDMI and VGA - input connections for laptops, Lecture Capture - Lightweight - IS&T, One Projector - video with sound system, Chalkboard - sliding, Tables and chairs - loose, Flat classroom, Medium classroom (Cap 25-59)
1-190	134	Three Projectors - video with sound system, Assistive listening system (Contact MIT AV at 617-253-2808), Blu-Ray DVD player, Document camera, HDMI and VGA - input connections for laptops, Lecture Capture - Lightweight - IS&T, Microphone - wireless (Contact AV at 617-253-2808), Card-reader entry, Chalkboard - sliding, Electrical outlets available in seats, Podium, Tablet armchairs - fixed, Tiered classroom, Lecture hall (Cap > 100)
1-242	34	HDMI and VGA - input connections for laptops, One Projector - video with sound system, Chalkboard - sliding, Tablet armchairs - loose, Flat classroom, Medium classroom (Cap 25-59)
1-246	30	Blu-Ray DVD player, HDMI and VGA - input connections for laptops, One Projector - video with sound system, Chalkboard - sliding, Tables and chairs - loose, Flat classroom, Medium classroom (Cap 25-59)
1-273	25	Blu-Ray DVD player, HDMI and VGA - input connections for laptops, One Projector - video with sound system, Chalkboard - sliding, Tablet armchairs - loose, Flat classroom, Medium classroom (Cap 25-59)
1-277	25	Blu-Ray DVD player, HDMI and VGA - input connections for laptops, One Projector - video with sound system, Chalkboard - sliding, Tablet armchairs - loose, Flat classroom, Medium classroom (Cap 25-59)
1-371	25	Blu-Ray DVD player, HDMI and VGA - input connections for laptops, One Projector - video with sound system, Chalkboard - sliding, Tables and chairs - loose, Flat classroom, Medium classroom (Cap 25-59)
1-375	25	Blu-Ray DVD player, HDMI and VGA - input connections for laptops, One Projector - video with sound system, Chalkboard - sliding, Tablet armchairs - loose, Flat classroom, Medium classroom (Cap 25-59)
1-379	25	Blu-Ray DVD player, HDMI and VGA - input connections for laptops, One Projector - video with sound system, Chalkboard - sliding, Tablet armchairs - loose, Flat classroom, Medium classroom (Cap 25-59)
1-390	69	Two Projectors - video with sound system, Assistive listening system (Contact MIT AV at 617-253-2808), Athena workstation, CD player, Confidence monitors, Blu-Ray DVD player, Document camera, HDMI and VGA - input connections for laptops, Microphone - wireless (Contact AV at 617-253-2808), Carpet, Chalkboard - sliding, Electrical outlets available in seats, Tables and chairs - fixed, Tiered classroom, Distance Learning Classroom, Large classroom (Cap 60-99)
2-103	16	Blu-Ray DVD player, HDMI and VGA - input connections for laptops, One Projector - video with sound system, Card-reader entry, Carpet, Chalkboard - fixed , Seminar table seats 14, Flat classroom, Seminar Classroom, Seminar classroom with table (Cap <25), Small classroom (Cap < 25)
2-105	59	Two Projectors - video with sound system, Assistive listening system (Contact MIT AV at 617-253-2808), HDMI - input connections for laptops, Lecture Capture - Lightweight - IS&T, Microphone - wireless (Contact AV at 617-253-2808), Card-reader entry, Chalkboard - sliding, Electrical outlets available in seats, Tablet armchairs - fixed, Tiered classroom, Medium classroom (Cap 25-59)
2-131	34	Blu-Ray DVD player, HDMI and VGA - input connections for laptops, Lecture Capture - Auto - OL (Open Learning), Lecture capture, One Projector - video with sound system, Card-reader entry, Chalkboard - sliding, Tables and chairs - loose, Flat classroom, Medium classroom (Cap 25-59)
2-132	32	Blu-Ray DVD player, HDMI and VGA - input connections for laptops, One Projector - video with sound system, Card-reader entry, Chalkboard - sliding, Tables and chairs - loose, Flat classroom, Medium classroom (Cap 25-59)
2-135	32	Blu-Ray DVD player, HDMI and VGA - input connections for laptops, One Projector - video with sound system, Card-reader entry, Chalkboard - sliding, Tables and chairs - loose, Flat classroom, Medium classroom (Cap 25-59)
2-136	26	Blu-Ray DVD player, HDMI and VGA - input connections for laptops, One Projector - video with sound system, Card-reader entry, Chalkboard - sliding, Tables and chairs - loose, Flat classroom, Medium classroom (Cap 25-59)
2-139	32	Blu-Ray DVD player, HDMI and VGA - input connections for laptops, One Projector - video with sound system, Card-reader entry, Chalkboard - sliding, Tables and chairs - loose, Flat classroom, Medium classroom (Cap 25-59)
2-142	26	Blu-Ray DVD player, HDMI and VGA - input connections for laptops, Lecture Capture - Auto - OL (Open Learning), Lecture capture, One Projector - video with sound system, Card-reader entry, Chalkboard - sliding, Tables and chairs - loose, Flat classroom, Medium classroom (Cap 25-59)
2-143	32	Blu-Ray DVD player, HDMI and VGA - input connections for laptops, One Projector - video with sound system, Card-reader entry, Chalkboard - sliding, Tables and chairs - loose, Flat classroom, Medium classroom (Cap 25-59)
2-146	24	Blu-Ray DVD player, HDMI and VGA - input connections for laptops, One Projector - video with sound system, Card-reader entry, Chalkboard - sliding, Tables and chairs - loose, Flat classroom, Small classroom (Cap < 25)
2-147	32	Blu-Ray DVD player, HDMI and VGA - input connections for laptops, One Projector - video with sound system, Card-reader entry, Chalkboard - sliding, Tables and chairs - loose, Flat classroom, Medium classroom (Cap 25-59)
2-151	18	Blu-Ray DVD player, HDMI and VGA - input connections for laptops, One Projector - video with sound system, Card-reader entry, Chalkboard - sliding, Tables and chairs - loose, Flat classroom, Small classroom (Cap < 25)
2-190	134	Three Projectors - video with sound system, Assistive listening system (Contact MIT AV at 617-253-2808), Blu-Ray DVD player, HDMI and VGA - input connections for laptops, Lecture Capture - Auto - OL (Open Learning), Lecture capture, Microphone - wireless (Contact AV at 617-253-2808), One Projector - video with sound system, Zoom Room Technology, Card-reader entry, Chalkboard - sliding, Podium, Tablet armchairs - fixed, Tiered classroom, Lecture hall (Cap > 100)
3-133	60	CD player, Blu-Ray DVD player, HDMI - input connections for laptops, Lecture Capture - Lightweight - IS&T, One Projector - video with sound system, Carpet, Chalkboard - fixed , Electrical outlets available in seats, Podium, Tablet armchairs - fixed, Tiered classroom, Medium classroom (Cap 25-59)
3-270	119	Two Projectors - video with sound system, Assistive listening system (Contact MIT AV at 617-253-2808), CD player, Blu-Ray DVD player, Document camera, HDMI - input connections for laptops, Lecture Capture - Lightweight - IS&T, Microphone - wireless (Contact AV at 617-253-2808), Carpet, Chalkboard - sliding, Electrical outlets available in seats, Podium, Tablet armchairs - fixed, Tiered classroom, Lecture hall (Cap > 100)
3-333	57	Two Projectors - video with sound system, HDMI - input connections for laptops, Lecture Capture - Lightweight - IS&T, Microphone - wireless (Contact AV at 617-253-2808), Card-reader entry, Chalkboard - sliding, Electrical outlets available in seats, Tablet armchairs - fixed, Tiered classroom, Medium classroom (Cap 25-59)
3-370	58	Two Projectors - video with sound system, Assistive listening system (Contact MIT AV at 617-253-2808), Confidence monitors, Document camera, HDMI - input connections for laptops, Lecture Capture - Lightweight - IS&T, Microphone - wireless (Contact AV at 617-253-2808), Carpet, Chalkboard - sliding, Electrical outlets available in seats, Podium, Tables and chairs - fixed, Tiered classroom, Medium classroom (Cap 25-59)
3-442	50	HDMI - input connections for laptops, One Projector - video with sound system, Chalkboard - sliding, Tables and chairs - loose, Flat classroom, Medium classroom (Cap 25-59)
4-144	16	HDMI - input connections for laptops, Lecture Capture - Lightweight - IS&T, One Projector - video with sound system, Card-reader entry, Chalkboard - fixed , Seminar table seats 12, Flat classroom, Seminar Classroom, Seminar classroom with table (Cap <25)
4-145	40	Blu-Ray DVD player, HDMI and VGA - input connections for laptops, Lecture Capture - Lightweight - IS&T, One Projector - video with sound system, Chalkboard - sliding, Tables and chairs - loose, Flat classroom, Medium classroom (Cap 25-59)
4-146	16	Blu-Ray DVD player, HDMI and VGA - input connections for laptops, One Projector - video with sound system, Card-reader entry, Chalkboard - fixed , Seminar table seats 10, Flat classroom, Seminar Classroom, Seminar classroom with table (Cap <25)
4-148	6	HDMI and VGA - input connections for laptops, LCD Flat Panel Display, Card-reader entry, Carpet, Piano, Flat classroom, Small classroom (Cap < 25)
4-149	50	Blu-Ray DVD player, HDMI and VGA - input connections for laptops, Lecture Capture - Lightweight - IS&T, One Projector - video with sound system, Chalkboard - sliding, Tables and chairs - loose, Flat classroom, Medium classroom (Cap 25-59)
4-152	20	CD player, Blu-Ray DVD player, Document camera, HDMI and VGA - input connections for laptops, LCD Flat Panel Display, One Projector - video with sound system, Card-reader entry, Carpet, Piano, Tablet armchairs - loose, Whiteboard, Flat classroom, Small classroom (Cap < 25)
4-153	48	Blu-Ray DVD player, HDMI and VGA - input connections for laptops, Lecture Capture - Lightweight - IS&T, One Projector - video with sound system, Chalkboard - sliding, Tables and chairs - loose, Flat classroom, Medium classroom (Cap 25-59)
4-158	20	CD player, Blu-Ray DVD player, Document camera, HDMI and VGA - input connections for laptops, LCD Flat Panel Display, One Projector - video with sound system, Card-reader entry, Carpet, Piano, Tablet armchairs - loose, Whiteboard, Flat classroom, Small classroom (Cap < 25)
4-159	40	CD player, Blu-Ray DVD player, HDMI and VGA - input connections for laptops, Lecture Capture - Lightweight - IS&T, One Projector - video with sound system, Card-reader entry, Chalkboard - sliding, Tables and chairs - loose, Flat classroom, Medium classroom (Cap 25-59)
4-162	20	CD player, Blu-Ray DVD player, Document camera, HDMI and VGA - input connections for laptops, LCD Flat Panel Display, One Projector - video with sound system, Card-reader entry, Carpet, Piano, Tablet armchairs - loose, Whiteboard, Flat classroom, Small classroom (Cap < 25)
4-163	81	Two Projectors - video with sound system, Assistive listening system (Contact MIT AV at 617-253-2808), CD player, Blu-Ray DVD player, HDMI and VGA - input connections for laptops, Lecture Capture - Lightweight - IS&T, Microphone - wireless (Contact AV at 617-253-2808), Card-reader entry, Chalkboard - sliding, Electrical outlets available in seats, Podium, Tablet armchairs - fixed, Tiered classroom, Large classroom (Cap 60-99)
4-231	57	Assistive listening system (Contact MIT AV at 617-253-2808), Athena workstation, Blu-Ray DVD player, HDMI and VGA - input connections for laptops, Lecture Capture - Lightweight - IS&T, Microphone - wireless (Contact AV at 617-253-2808), One Projector - video with sound system, Zoom Room Technology, Carpet, Chalkboard - sliding, Electrical outlets available in seats, Tables and chairs - fixed, Tiered classroom, Medium classroom (Cap 25-59)
4-237	80	Assistive listening system (Contact MIT AV at 617-253-2808), Athena workstation, Blu-Ray DVD player, HDMI and VGA - input connections for laptops, Lecture Capture - Lightweight - IS&T, Microphone - wireless (Contact AV at 617-253-2808), One Projector - video with sound system, Zoom Room Technology, Carpet, Chalkboard - sliding, Electrical outlets available in seats, Tablet armchairs - fixed, Tiered classroom, Large classroom (Cap 60-99)
4-249	45	CD player, Cassette player, Blu-Ray DVD player, HDMI and VGA - input connections for laptops, LCD Flat Panel Display, Lecture Capture - Lightweight - IS&T, One Projector - video with sound system, Carpet, Chalkboard - sliding, Tablet armchairs - loose, Flat classroom, Medium classroom (Cap 25-59)
4-251	12	HDMI and VGA - input connections for laptops, One Projector - video with sound system, Carpet, Chalkboard - fixed , Seminar table seats 16, Flat classroom, Seminar Classroom, Seminar classroom with table (Cap <25)
4-253	22	Blu-Ray DVD player, HDMI - input connections for laptops, One Projector - video with sound system, Carpet, Chalkboard - fixed , Seminar table seats 16, Flat classroom, Seminar Classroom, Seminar classroom with table (Cap <25)
4-257	35	HDMI - input connections for laptops, One Projector - video with sound system, Chalkboard - sliding, Tablet armchairs - loose, Flat classroom, Medium classroom (Cap 25-59)
4-261	40	HDMI - input connections for laptops, Lecture Capture - Lightweight - IS&T, One Projector - video with sound system, Chalkboard - sliding, Tables and chairs - loose, Flat classroom, Medium classroom (Cap 25-59)
4-265	40	HDMI - input connections for laptops, Lecture Capture - Lightweight - IS&T, One Projector - video with sound system, Chalkboard - sliding, Tables and chairs - loose, Flat classroom, Medium classroom (Cap 25-59)
4-270	115	Three Projectors - video with sound system, Assistive listening system (Contact MIT AV at 617-253-2808), HDMI - input connections for laptops, Lecture Capture - Lightweight - IS&T, Microphone - wireless (Contact AV at 617-253-2808), Card-reader entry, Chalkboard - sliding, Electrical outlets available in seats, Piano, Podium, Tablet armchairs - fixed, Tiered classroom, Lecture hall (Cap > 100)
4-364	30	CD player, Cassette player, Blu-Ray DVD player, Document camera, HDMI and VGA - input connections for laptops, LCD Flat Panel Display, One Projector - video with sound system, Card-reader entry, Carpet, Piano, Tablet armchairs - loose, Whiteboard, Flat classroom, Medium classroom (Cap 25-59)
4-370	115	Two Projectors - video with sound system, Assistive listening system (Contact MIT AV at 617-253-2808), HDMI - input connections for laptops, Lecture Capture - Lightweight - IS&T, Microphone - wireless (Contact AV at 617-253-2808), Card-reader entry, Chalkboard - sliding, Electrical outlets available in seats, Podium, Tablet armchairs - fixed, Tiered classroom, Lecture hall (Cap > 100)
5-134	40	Blu-Ray DVD player, HDMI and VGA - input connections for laptops, Lecture Capture - Lightweight - IS&T, One Projector - video with sound system, Chalkboard - sliding, Tables and chairs - loose, Flat classroom, Medium classroom (Cap 25-59)
5-216	18	Blu-Ray DVD player, HDMI and VGA - input connections for laptops, One Projector - video with sound system, Chalkboard - fixed , Tables and chairs - fixed, Seminar table seats 14, Flat classroom, Seminar classroom with hollow square layout seats 14, Seminar Classroom
5-217	42	Blu-Ray DVD player, HDMI and VGA - input connections for laptops, One Projector - video with sound system, Chalkboard - sliding, Tablet armchairs - loose, Flat classroom, Medium classroom (Cap 25-59)
5-231	18	Blu-Ray DVD player, HDMI and VGA - input connections for laptops, One Projector - video with sound system, Chalkboard - fixed , Seminar table seats 14, Flat classroom, Seminar Classroom, Seminar classroom with table (Cap <25)
5-232	18	HDMI and VGA - input connections for laptops, One Projector - video with sound system, Card-reader entry, Chalkboard - fixed , Seminar table seats 14, Flat classroom, Seminar Classroom, Seminar classroom with table (Cap <25)
5-233	30	Blu-Ray DVD player, HDMI and VGA - input connections for laptops, One Projector - video with sound system, Chalkboard - sliding, Tables and chairs - loose, Flat classroom, Medium classroom (Cap 25-59)
5-234	45	HDMI and VGA - input connections for laptops, Lecture Capture - Lightweight - IS&T, One Projector - video with sound system, Chalkboard - sliding, Tablet armchairs - loose, Flat classroom, Medium classroom (Cap 25-59)
6-120	143	Three Projectors - video with sound system, Assistive listening system (Contact MIT AV at 617-253-2808), Blu-Ray DVD player, HDMI and VGA - input connections for laptops, Lecture Capture - Auto - OL (Open Learning), Lecture capture, Microphone - wireless (Contact AV at 617-253-2808), One Projector - video with sound system, Zoom Room Technology, Card-reader entry, Chalkboard - sliding, Electrical outlets available in seats, Podium, Tablet armchairs - fixed, Tiered classroom, Lecture hall (Cap > 100)
8-119	22	Blu-Ray DVD player, HDMI and VGA - input connections for laptops, One Projector - video with sound system, Chalkboard - sliding, Tables and chairs - loose, Flat classroom, Small classroom (Cap < 25)
8-205	30	Blu-Ray DVD player, HDMI and VGA - input connections for laptops, One Projector - video with sound system, Chalkboard - sliding, Tables and chairs - loose, Flat classroom, Medium classroom (Cap 25-59)
9-354	64	Two Projectors - video with sound system, Assistive listening system (Contact MIT AV at 617-253-2808), HDMI and VGA - input connections for laptops, Lecture Capture - Lightweight - IS&T, Microphone - wireless (Contact AV at 617-253-2808), Card-reader entry, Carpet, Chalkboard - sliding, Electrical outlets available in seats, Tables and chairs - fixed, Tiered classroom, Large classroom (Cap 60-99)
10-250	425	Three Projectors - video with sound system, Assistive listening system (Contact MIT AV at 617-253-2808), HDMI - input connections for laptops, Lecture Capture - Auto - OL (Open Learning), Lecture capture, Microphone - wireless (Contact AV at 617-253-2808), Zoom Room Technology, Card-reader entry, Chalkboard - motorized, Chalkboard - sliding, Electrical outlets available in seats, Podium, Tablet armchairs - fixed, Tiered classroom, Lecture hall (Cap > 100)
13-1143	25	HDMI - input connections for laptops, LCD Flat Panel Display, One Projector - video with sound system, Zoom Room Technology, Card-reader entry, Chalkboard - sliding, Tablet armchairs - loose, Flat classroom, Medium classroom (Cap 25-59)
13-3101	26	Chalkboard - sliding, Tablet armchairs - loose, Flat classroom, Medium classroom (Cap 25-59)
13-4101	28	Chalkboard - sliding, Tables and chairs - loose, Flat classroom, Medium classroom (Cap 25-59)
13-5101	32	Chalkboard - sliding, Tables and chairs - loose, Flat classroom, Medium classroom (Cap 25-59)
14E-310	36	Blu-Ray DVD player, HDMI and VGA - input connections for laptops, One Projector - video with sound system, Carpet, Chalkboard - fixed , Tablet armchairs - loose, Flat classroom, Medium classroom (Cap 25-59)
14N-112	14	HDMI and VGA - input connections for laptops, One Projector - video with sound system, Carpet, Chalkboard - fixed , Seminar table seats 14, Flat classroom, Seminar Classroom, Seminar classroom with table (Cap <25)
14N-325	18	HDMI and VGA - input connections for laptops, One Projector - video with sound system, Card-reader entry, Chalkboard - fixed , Tablet armchairs - loose, Flat classroom, Small classroom (Cap < 25)
16-160	56	Assistive listening system (Contact MIT AV at 617-253-2808), Blu-Ray DVD player, HDMI and VGA - input connections for laptops, Lecture Capture - Lightweight - IS&T, One Projector - video with sound system, Carpet, Chalkboard - sliding, Tables and chairs - loose, Medium classroom (Cap 25-59)
24-112	24	HDMI and VGA - input connections for laptops, One Projector - video with sound system, Card-reader entry, Chalkboard - sliding, Tables and chairs - loose, Flat classroom, Small classroom (Cap < 25)
24-115	42	HDMI and VGA - input connections for laptops, Lecture Capture - Lightweight - IS&T, One Projector - video with sound system, Card-reader entry, Chalkboard - sliding, Tables and chairs - loose, Flat classroom, Medium classroom (Cap 25-59)
24-121	42	HDMI and VGA - input connections for laptops, Lecture Capture - Lightweight - IS&T, One Projector - video with sound system, Card-reader entry, Chalkboard - sliding, Tables and chairs - loose, Flat classroom, Medium classroom (Cap 25-59)
24-307	36	HDMI and VGA - input connections for laptops, One Projector - video with sound system, Card-reader entry, Chalkboard - sliding, Tables and chairs - loose, Flat classroom, Medium classroom (Cap 25-59)
26-100	551	Three Projectors - video with sound system, Assistive listening system (Contact MIT AV at 617-253-2808), HDMI and VGA - input connections for laptops, Lecture Capture - Auto - OL (Open Learning), Lecture Capture - Lightweight - IS&T, Microphone - wireless (Contact AV at 617-253-2808), Chalkboard - sliding, Podium, Tablet armchairs - fixed, Tiered classroom, Lecture hall (Cap > 100)
26-139	22	HDMI - input connections for laptops, LCD Flat Panel Display, Card-reader entry, Carpet, Chalkboard - fixed , Seminar table seats 16, Flat classroom, Seminar Classroom
26-142	24	HDMI and VGA - input connections for laptops, One Projector - video with sound system, Chalkboard - sliding, Tables and chairs - loose, Flat classroom, Small classroom (Cap < 25)
26-152	117	Assistive listening system (Contact MIT AV at 617-253-2808), Classroom computers restricted to Physics classes only, Document camera, HDMI and VGA - input connections for laptops, Microphone - wireless (Contact AV at 617-253-2808), One Projector - video with sound system, Carpet, Tables and chairs - fixed, Whiteboard, Flat classroom, TEAL - group learning
26-168	41	HDMI and VGA - input connections for laptops, One Projector - video with sound system, Chalkboard - sliding, Tablet armchairs - loose, Flat classroom, Medium classroom (Cap 25-59)
26-204	32	HDMI - input connections for laptops, One Projector - video with sound system, Chalkboard - sliding, Tables and chairs - loose, Flat classroom, Medium classroom (Cap 25-59)
26-210	32	HDMI - input connections for laptops, One Projector - video with sound system, Chalkboard - sliding, Tables and chairs - loose, Flat classroom, Medium classroom (Cap 25-59)
26-314	32	HDMI - input connections for laptops, One Projector - video with sound system, Chalkboard - sliding, Tables and chairs - loose, Flat classroom, Medium classroom (Cap 25-59)
26-322	32	HDMI - input connections for laptops, One Projector - video with sound system, Chalkboard - sliding, Tables and chairs - loose, Flat classroom, Medium classroom (Cap 25-59)
26-328	32	HDMI - input connections for laptops, One Projector - video with sound system, Chalkboard - sliding, Tables and chairs - loose, Flat classroom, Medium classroom (Cap 25-59)
32-082	117	Assistive listening system (Contact MIT AV at 617-253-2808), Classroom computers restricted to Physics classes only, Document camera, HDMI and VGA - input connections for laptops, Microphone - wireless (Contact AV at 617-253-2808), One Projector - video with sound system, Carpet, Tables and chairs - fixed, Whiteboard, Flat classroom, TEAL - group learning
32-123	318	Three Projectors - video with sound system, Assistive listening system (Contact MIT AV at 617-253-2808), CD player, Blu-Ray DVD player, HDMI and VGA - input connections for laptops, Lecture Capture - Auto - OL (Open Learning), Lecture capture, Microphone - wireless (Contact AV at 617-253-2808), One Projector - video with sound system, Card-reader entry, Chalkboard - sliding, Electrical outlets available in seats, Podium, Tablet armchairs - fixed, Tiered classroom, Lecture hall (Cap > 100)
32-124	60	Assistive listening system (Contact MIT AV at 617-253-2808), CD player, Blu-Ray DVD player, HDMI and VGA - input connections for laptops, Lecture Capture - Lightweight - IS&T, One Projector - video with sound system, Card-reader entry, Carpet, Chalkboard - sliding, Podium, Tables and chairs - loose, Flat classroom, Large classroom (Cap 60-99)
32-141	90	Assistive listening system (Contact MIT AV at 617-253-2808), CD player, Blu-Ray DVD player, Document camera, HDMI and VGA - input connections for laptops, Lecture Capture - Lightweight - IS&T, Microphone - wireless (Contact AV at 617-253-2808), One Projector - video with sound system, Card-reader entry, Chalkboard - sliding, Electrical outlets available in seats, Podium, Tables and chairs - fixed, Tiered classroom, Large classroom (Cap 60-99)
32-144	60	Assistive listening system (Contact MIT AV at 617-253-2808), CD player, Blu-Ray DVD player, HDMI and VGA - input connections for laptops, Lecture Capture - Lightweight - IS&T, One Projector - video with sound system, Card-reader entry, Carpet, Chalkboard - sliding, Podium, Tables and chairs - loose, Flat classroom, Large classroom (Cap 60-99)
32-155	90	Assistive listening system (Contact MIT AV at 617-253-2808), CD player, Blu-Ray DVD player, Document camera, HDMI and VGA - input connections for laptops, Lecture Capture - Lightweight - IS&T, Microphone - wireless (Contact AV at 617-253-2808), One Projector - video with sound system, Card-reader entry, Chalkboard - sliding, Electrical outlets available in seats, Podium, Tables and chairs - fixed, Tiered classroom, Large classroom (Cap 60-99)
33-319	36	HDMI - input connections for laptops, One Projector - video with sound system, Card-reader entry, Chalkboard - fixed , Tables and chairs - loose, Flat classroom, Medium classroom (Cap 25-59)
33-418	32	HDMI - input connections for laptops, One Projector - video with sound system, Carpet, Chalkboard - fixed , Tables and chairs - loose, Whiteboard, Flat classroom, Medium classroom (Cap 25-59)
33-419	48	HDMI - input connections for laptops, Lecture Capture - Lightweight - IS&T, One Projector - video with sound system, Card-reader entry, Chalkboard - fixed , Tables and chairs - loose, Flat classroom, Medium classroom (Cap 25-59)
33-422	20	HDMI - input connections for laptops, One Projector - video with sound system, Card-reader entry, Chalkboard - fixed , Tables and chairs - loose, Flat classroom, Small classroom (Cap < 25)
34-101	311	Three Projectors - video with sound system, Assistive listening system (Contact MIT AV at 617-253-2808), HDMI - input connections for laptops, LCD Flat Panel Display, Lecture Capture - Auto - OL (Open Learning), Lecture capture, Microphone - wireless (Contact AV at 617-253-2808), One Projector - video with sound system, Zoom Room Technology, Card-reader entry, Chalkboard - sliding, Electrical outlets available in seats, Podium, Tablet armchairs - fixed, Tiered classroom, Lecture hall (Cap > 100)
34-301	35	HDMI - input connections for laptops, One Projector - video with sound system, Carpet, Chalkboard - fixed , Tablet armchairs - loose, Flat classroom, Medium classroom (Cap 25-59)
34-302	35	HDMI - input connections for laptops, One Projector - video with sound system, Carpet, Chalkboard - fixed , Tablet armchairs - loose, Flat classroom, Medium classroom (Cap 25-59)
34-303	35	HDMI - input connections for laptops, One Projector - video with sound system, Carpet, Chalkboard - fixed , Tablet armchairs - loose, Flat classroom, Medium classroom (Cap 25-59)
34-304	35	HDMI - input connections for laptops, One Projector - video with sound system, Carpet, Chalkboard - fixed , Tablet armchairs - loose, Flat classroom, Medium classroom (Cap 25-59)
35-225	90	Assistive listening system (Contact MIT AV at 617-253-2808), Blu-Ray DVD player, HDMI and VGA - input connections for laptops, Lecture Capture - Auto - OL (Open Learning), Lecture capture, Microphone - wireless (Contact AV at 617-253-2808), One Projector - video with sound system, Card-reader entry, Chalkboard - sliding, Electrical outlets available in seats, Podium, Tables and chairs - fixed, Tiered classroom, Large classroom (Cap 60-99)
35-308	30	HDMI - input connections for laptops, One Projector - video with sound system, Chalkboard - sliding, Tables and chairs - loose, Medium classroom (Cap 25-59)
35-310	30	HDMI - input connections for laptops, One Projector - video with sound system, Chalkboard - sliding, Tables and chairs - loose, Medium classroom (Cap 25-59)
36-112	40	Assistive listening system (Contact MIT AV at 617-253-2808), HDMI - input connections for laptops, One Projector - video with sound system, Chalkboard - sliding, Tables and chairs - loose, Flat classroom, Medium classroom (Cap 25-59)
36-144	30	HDMI - input connections for laptops, One Projector - video with sound system, Chalkboard - fixed , Tablet armchairs - loose, Flat classroom, Medium classroom (Cap 25-59)
36-153	40	HDMI and VGA - input connections for laptops, One Projector - video with sound system, Chalkboard - fixed , Tablet armchairs - loose, Flat classroom, Medium classroom (Cap 25-59)
36-155	40	HDMI and VGA - input connections for laptops, One Projector - video with sound system, Chalkboard - fixed , Tablet armchairs - loose, Flat classroom, Medium classroom (Cap 25-59)
36-156	50	HDMI - input connections for laptops, One Projector - video with sound system, Chalkboard - sliding, Tablet armchairs - loose, Flat classroom, Medium classroom (Cap 25-59)
36-372	24	HDMI and VGA - input connections for laptops, One Projector - video with sound system, Card-reader entry, Chalkboard - sliding, Tablet armchairs - loose, Flat classroom, Small classroom (Cap < 25)
37-212	74	Three Projectors - video with sound system, Document camera, HDMI and VGA - input connections for laptops, Lecture Capture - Lightweight - IS&T, Microphone - wireless (Contact AV at 617-253-2808), One Projector - video with sound system, Card-reader entry, Chalkboard - sliding, Electrical outlets available in seats, Podium, Tables and chairs - fixed, Tiered classroom, Large classroom (Cap 60-99)
38-166	24	HDMI and VGA - input connections for laptops, One Projector - video with sound system, Tablet armchairs - loose, Flat classroom, Small classroom (Cap < 25)
45-102	60	Two Projectors - video with sound system, Assistive listening system (Contact MIT AV at 617-253-2808), HDMI - input connections for laptops, Lecture Capture - Auto - OL (Open Learning), Lecture capture, Microphone - wireless (Contact AV at 617-253-2808), Card-reader entry, Chalkboard - fixed , Chalkboard - sliding, Electrical outlets available in floor, Electrical outlets available in seats, Podium, Tables and chairs - loose, Flat classroom, Large classroom (Cap 60-99)
45-230	250	Three Projectors - video with sound system, Assistive listening system (Contact MIT AV at 617-253-2808), HDMI - input connections for laptops, Lecture Capture - Auto - OL (Open Learning), Lecture capture, Microphone - wireless (Contact AV at 617-253-2808), Card-reader entry, Chalkboard - sliding, Electrical outlets available in seats, Podium, Tablet armchairs - fixed, Tiered classroom, Lecture hall (Cap > 100)
48-308	24	Two Projectors - video with sound system, Assistive listening system (Contact MIT AV at 617-253-2808), HDMI - input connections for laptops, Card-reader entry, Chalkboard - fixed , Chalkboard - sliding, Electrical outlets available in floor, Tables and chairs - loose, Flat classroom, Small classroom (Cap < 25)
48-316	48	Two Projectors - video with sound system, Assistive listening system (Contact MIT AV at 617-253-2808), HDMI - input connections for laptops, Microphone - wireless (Contact AV at 617-253-2808), Zoom Room Technology, Card-reader entry, Chalkboard - fixed , Chalkboard - sliding, Electrical outlets available in floor, Tables and chairs - loose, Flat classroom, Medium classroom (Cap 25-59)
50-340	266
54-100	298	Three Projectors - video with sound system, Assistive listening system (Contact MIT AV at 617-253-2808), HDMI - input connections for laptops, Lecture Capture - Auto - OL (Open Learning), Lecture capture, Microphone - wireless (Contact AV at 617-253-2808), Zoom Room Technology, Card-reader entry, Chalkboard - motorized, Chalkboard - sliding, Electrical outlets available in seats, Podium, Tablet armchairs - fixed, Tiered classroom, Lecture hall (Cap > 100)
56-114	63	Assistive listening system (Contact MIT AV at 617-253-2808), CD player, Blu-Ray DVD player, HDMI - input connections for laptops, Lecture Capture - Lightweight - IS&T, Microphone - wireless (Contact AV at 617-253-2808), One Projector - video with sound system, Carpet, Chalkboard - sliding, Electrical outlets available in seats, Podium, Tables and chairs - fixed, Tiered classroom, Large classroom (Cap 60-99)
56-154	56	Assistive listening system (Contact MIT AV at 617-253-2808), HDMI and VGA - input connections for laptops, Lecture Capture - Lightweight - IS&T, One Projector - video with sound system, Carpet, Chalkboard - sliding, Podium, Tables and chairs - loose, Flat classroom, Medium classroom (Cap 25-59)
56-162	27	HDMI - input connections for laptops, Lecture Capture - Lightweight - IS&T, One Projector - video with sound system, Carpet, Chalkboard - sliding, Tablet armchairs - loose, Flat classroom, Medium classroom (Cap 25-59)
56-167	22	Blu-Ray DVD player, HDMI - input connections for laptops, One Projector - video with sound system, Carpet, Chalkboard - sliding, Seminar table seats 22, Flat classroom, Seminar Classroom, Seminar classroom with table (Cap <25)
56-169	20	Blu-Ray DVD player, HDMI - input connections for laptops, One Projector - video with sound system, Carpet, Chalkboard - sliding, Tables and chairs - loose, Flat classroom, Seminar classroom with hollow square layout seats 20, Seminar Classroom, Small classroom (Cap < 25)
56-180	27	HDMI - input connections for laptops, One Projector - video with sound system, Carpet, Chalkboard - sliding, Tablet armchairs - loose, Flat classroom, Medium classroom (Cap 25-59)
56-191	20	HDMI - input connections for laptops, One Projector - video with sound system, Carpet, Chalkboard - sliding, Tables and chairs - loose, Flat classroom, Small classroom (Cap < 25)
66-110	96	Two Projectors - video with sound system, HDMI and VGA - input connections for laptops, Microphone - wireless (Contact AV at 617-253-2808), Carpet, Chalkboard - sliding, Tablet armchairs - fixed, Tiered classroom, Large classroom (Cap 60-99)
66-144	55	HDMI - input connections for laptops, Lecture Capture - Lightweight - IS&T, One Projector - video with sound system, Chalkboard - sliding, Tablet armchairs - loose, Flat classroom, Medium classroom (Cap 25-59)
66-148	16	HDMI - input connections for laptops, One Projector - video with sound system, Chalkboard - fixed , Seminar table seats 12, Flat classroom, Seminar Classroom, Seminar classroom with table (Cap <25)
66-154	32	HDMI - input connections for laptops, One Projector - video with sound system, Chalkboard - sliding, Tablet armchairs - loose, Flat classroom, Medium classroom (Cap 25-59)
66-156	22	HDMI - input connections for laptops, One Projector - video with sound system, Chalkboard - sliding, Tablet armchairs - loose, Flat classroom, Small classroom (Cap < 25)
66-160	36	HDMI - input connections for laptops, One Projector - video with sound system, Chalkboard - sliding, Tablet armchairs - loose, Flat classroom, Medium classroom (Cap 25-59)
66-168	55	HDMI - input connections for laptops, Lecture Capture - Lightweight - IS&T, One Projector - video with sound system, Chalkboard - sliding, Tablet armchairs - loose, Flat classroom, Medium classroom (Cap 25-59)
E25-111	150	Two Projectors - video with sound system, Assistive listening system (Contact MIT AV at 617-253-2808), HDMI and VGA - input connections for laptops, Lecture Capture - Auto - OL (Open Learning), Lecture capture, Microphone - wireless (Contact AV at 617-253-2808), Zoom Room Technology, Card-reader entry, Chalkboard - sliding, Electrical outlets available in seats, Podium, Tablet armchairs - fixed, Tiered classroom, Lecture hall (Cap > 100)
E25-117	50	Assistive listening system (Contact MIT AV at 617-253-2808), HDMI and VGA - input connections for laptops, Lecture Capture - Auto - OL (Open Learning), Lecture capture, Microphone - wireless (Contact AV at 617-253-2808), One Projector - video with sound system, Zoom Room Technology, Card-reader entry, Carpet, Chalkboard - sliding, Podium, Tables and chairs - loose, Flat classroom, Medium classroom (Cap 25-59)
E51-057	46	Two Projectors - video with sound system, HDMI and VGA - input connections for laptops, Lecture Capture - Lightweight - IS&T, Carpet, Chalkboard - sliding, Electrical outlets available in seats, Tables and chairs - fixed, Tiered classroom, Medium classroom (Cap 25-59)
E51-061	24	HDMI - input connections for laptops, LCD Flat Panel Display, Carpet, Chalkboard - fixed , Tables and chairs - loose, Flat classroom, Seminar classroom with hollow square layout seats 20, Seminar Classroom, Small classroom (Cap < 25)
E51-063	35	HDMI - input connections for laptops, One Projector - video with sound system, Carpet, Chalkboard - fixed , Tablet armchairs - loose, Flat classroom, Medium classroom (Cap 25-59)
E51-085	50	HDMI - input connections for laptops, One Projector - video with sound system, Carpet, Chalkboard - fixed , Tablet armchairs - loose, Flat classroom, Medium classroom (Cap 25-59)
E51-145	67	Two Projectors - video with sound system, Classroom computer (Windows), Confidence monitors, Document camera, Lecture capture, Web conferencing (Zoom), Assistive Listening System(Contact Sloan AV at 617-324-2000), HDMI and USB-C - input connections for laptops, Two Microphones (For more call Sloan AV 617-324-2000), Wireless Projection (Zoom), Carpet, Chalkboard - sliding, Tables and chairs - fixed, Tiered classroom, Large classroom (Cap 60-99)
E51-149	67	Two Projectors - video with sound system, Classroom computer (Windows), Confidence monitors, Document camera, Lecture capture, Web conferencing (Zoom), Assistive Listening System(Contact Sloan AV at 617-324-2000), HDMI and USB-C - input connections for laptops, Two Microphones (For more call Sloan AV 617-324-2000), Wireless Projection (Zoom), Carpet, Chalkboard - sliding, Tables and chairs - fixed, Tiered classroom, Large classroom (Cap 60-99)
E51-151	54	Two Projectors - video with sound system, Classroom computer (Windows), Confidence monitors, Document camera, Lecture capture, Web conferencing (Zoom), Assistive Listening System(Contact Sloan AV at 617-324-2000), HDMI and USB-C - input connections for laptops, Two Microphones (For more call Sloan AV 617-324-2000), Wireless Projection (Zoom), Carpet, Chalkboard - sliding, Tables and chairs - fixed, Tiered classroom, Medium classroom (Cap 25-59)
E51-315	86	Two Projectors - video with sound system, Classroom computer (Windows), Confidence monitors, Document camera, Lecture capture, Web conferencing (Zoom), Assistive Listening System(Contact Sloan AV at 617-324-2000), HDMI and USB-C - input connections for laptops, Two Microphones (For more call Sloan AV 617-324-2000), Wireless Projection (Zoom), Carpet, Chalkboard - sliding, Electrical outlets available in seats, Tables and chairs - fixed, Tiered classroom, Large classroom (Cap 60-99)
E51-325	86	Two Projectors - video with sound system, Classroom computer (Windows), Confidence monitors, Document camera, Lecture capture, Web conferencing (Zoom), Assistive Listening System(Contact Sloan AV at 617-324-2000), HDMI and USB-C - input connections for laptops, Two Microphones (For more call Sloan AV 617-324-2000), Wireless Projection (Zoom), Carpet, Chalkboard - sliding, Electrical outlets available in seats, Tables and chairs - fixed, Tiered classroom, Large classroom (Cap 60-99)
E51-335	76	Two Projectors - video with sound system, Classroom computer (Windows), Confidence monitors, Document camera, Lecture capture, Web conferencing (Zoom), Assistive Listening System(Contact Sloan AV at 617-324-2000), HDMI and USB-C - input connections for laptops, Two Microphones (For more call Sloan AV 617-324-2000), Wireless Projection (Zoom), Carpet, Chalkboard - sliding, Electrical outlets available in seats, Tables and chairs - fixed, Tiered classroom, Large classroom (Cap 60-99)
E51-345	142	Two Projectors - video with sound system, Classroom computer (Windows), Confidence monitors, Document camera, Lecture capture, Web conferencing (Zoom), Assistive Listening System(Contact Sloan AV at 617-324-2000), HDMI and USB-C - input connections for laptops, Two Microphones (For more call Sloan AV 617-324-2000), Wireless Projection (Zoom), Carpet, Chalkboard - motorized, Chalkboard - sliding, Electrical outlets available in seats, Tables and chairs - fixed, Tiered classroom, Lecture hall (Cap > 100)
E51-361	40	HDMI and VGA - input connections for laptops, Lecture Capture - Lightweight - IS&T, One Projector - video with sound system, Carpet, Chalkboard - fixed , Tablet armchairs - loose, Flat classroom, Medium classroom (Cap 25-59)
E51-372	50	Confidence monitors, Lecture capture, One Projector - video with sound system, Web conferencing (Zoom), Assistive Listening System(Contact Sloan AV at 617-324-2000), HDMI and USB-C - input connections for laptops, Two Microphones (For more call Sloan AV 617-324-2000), Wireless Projection (Zoom), Carpet, Chalkboard - sliding, Electrical outlets available in seats, Tables and chairs - fixed, Tiered classroom, Medium classroom (Cap 25-59)
E51-376	54	Confidence monitors, Lecture capture, One Projector - video with sound system, Web conferencing (Zoom), Assistive Listening System(Contact Sloan AV at 617-324-2000), HDMI and USB-C - input connections for laptops, Two Microphones (For more call Sloan AV 617-324-2000), Wireless Projection (Zoom), Carpet, Chalkboard - sliding, Electrical outlets available in seats, Tables and chairs - fixed, Tiered classroom, Medium classroom (Cap 25-59)
E51-385	20	HDMI and VGA - input connections for laptops, LCD Flat Panel Display, Carpet, Chalkboard - fixed , Tables and chairs - loose, Flat classroom, Seminar classroom with hollow square layout seats 20, Seminar Classroom, Small classroom (Cap < 25)
E51-390	20	HDMI and VGA - input connections for laptops, LCD Flat Panel Display, Carpet, Chalkboard - fixed , Tables and chairs - loose, Flat classroom, Seminar classroom with hollow square layout seats 20, Seminar Classroom, Small classroom (Cap < 25)
E51-393	14	HDMI and VGA - input connections for laptops, One Projector - video with sound system, Carpet, Chalkboard - fixed , Tables and chairs - loose, Flat classroom, Seminar classroom with hollow square layout seats 14, Seminar Classroom, Small classroom (Cap < 25)
E51-395	70	Two Projectors - video with sound system, Confidence monitors, Lecture capture, Web conferencing (Zoom), Assistive Listening System(Contact Sloan AV at 617-324-2000), HDMI and USB-C - input connections for laptops, Two Microphones (For more call Sloan AV 617-324-2000), Wireless Projection (Zoom), Carpet, Chalkboard - sliding, Electrical outlets available in seats, Tables and chairs - fixed, Tiered classroom, Large classroom (Cap 60-99)
E52-164	78	Two Projectors - video with sound system, Classroom computer (Windows), Confidence monitors, Document camera, Lecture capture, Web conferencing (Zoom), Assistive Listening System(Contact Sloan AV at 617-324-2000), HDMI and USB-C - input connections for laptops, Two Microphones (For more call Sloan AV 617-324-2000), Wireless Projection (Zoom), Card-reader entry, Carpet, Chalkboard - sliding, Electrical outlets available in seats, Tables and chairs - fixed, Tiered classroom, Large classroom (Cap 60-99)
E62-221	36	Two Projectors - video with sound system, Classroom computer (Windows), Confidence monitors, Document camera, Lecture capture, Web conferencing (Zoom), Assistive Listening System(Contact Sloan AV at 617-324-2000), HDMI and USB-C - input connections for laptops, Two Microphones (For more call Sloan AV 617-324-2000), Wireless Projection (Zoom), Carpet, Tables and chairs - loose, Whiteboard, Flat classroom, Medium classroom (Cap 25-59)
E62-223	80	Two Projectors - video with sound system, Classroom computer (Windows), Confidence monitors, Document camera, Lecture capture, Web conferencing (Zoom), Assistive Listening System(Contact Sloan AV at 617-324-2000), HDMI and USB-C - input connections for laptops, Two Microphones (For more call Sloan AV 617-324-2000), Wireless Projection (Zoom), Carpet, Chalkboard - motorized, Chalkboard - sliding, Electrical outlets available in seats, Tables and chairs - fixed, Tiered classroom, Large classroom (Cap 60-99)
E62-233	108	Two Projectors - video with sound system, Classroom computer (Windows), Confidence monitors, Document camera, Lecture capture, Web conferencing (Zoom), Assistive Listening System(Contact Sloan AV at 617-324-2000), HDMI and USB-C - input connections for laptops, Two Microphones (For more call Sloan AV 617-324-2000), Wireless Projection (Zoom), Carpet, Tables and chairs - loose, Whiteboard, Flat classroom, Lecture hall (Cap > 100)
E62-250	57	Two Projectors - video with sound system, Classroom computer (Windows), Confidence monitors, Document camera, Lecture capture, Web conferencing (Zoom), Assistive Listening System(Contact Sloan AV at 617-324-2000), HDMI and USB-C - input connections for laptops, Two Microphones (For more call Sloan AV 617-324-2000), Wireless Projection (Zoom), Carpet, Chalkboard - motorized, Chalkboard - sliding, Electrical outlets available in seats, Tables and chairs - fixed, Tiered classroom, Medium classroom (Cap 25-59)
E62-262	85	Two Projectors - video with sound system, Classroom computer (Windows), Confidence monitors, Document camera, Lecture capture, Web conferencing (Zoom), Assistive Listening System(Contact Sloan AV at 617-324-2000), HDMI and USB-C - input connections for laptops, Two Microphones (For more call Sloan AV 617-324-2000), Wireless Projection (Zoom), Carpet, Chalkboard - motorized, Chalkboard - sliding, Electrical outlets available in seats, Tables and chairs - fixed, Tiered classroom, Large classroom (Cap 60-99)
E62-276	105	Two Projectors - video with sound system, Classroom computer (Windows), Confidence monitors, Document camera, Lecture capture, Web conferencing (Zoom), Assistive Listening System(Contact Sloan AV at 617-324-2000), HDMI and USB-C - input connections for laptops, Two Microphones (For more call Sloan AV 617-324-2000), Wireless Projection (Zoom), Carpet, Chalkboard - motorized, Chalkboard - sliding, Electrical outlets available in seats, Tables and chairs - fixed, Tiered classroom, Lecture hall (Cap > 100)
